id,publish_date,index,type,domain,annotator,notes
COLLECTED,ON,"2021-05-04 original, 2021-06-31 davinci",,,,
080521230830,00-12-2008,0,original,reddit.com/r/Marijuana,0,
3_062521892459,24-06-2021,0,davinci,reddit.com/r/Marijuana,0,
080521230841,00-11-2008,1,original,reddit.com/r/Marijuana,0,
3_062521260775,24-06-2021,1,davinci,reddit.com/r/Marijuana,2,
080521230914,00-1-2009,4,original,reddit.com/r/politics,0,
3_062521840507,24-06-2021,4,davinci,reddit.com/r/politics,0,
080521230925,00-12-2009,5,original,reddit.com/r/Marijuana,0,
3_062521523422,24-06-2021,5,davinci,reddit.com/r/Marijuana,0,
080521230958,00-10-2010,8,original,reddit.com/r/AskReddit,0,
3_062521866987,24-06-2021,8,davinci,reddit.com/r/AskReddit,0,
080521231009,00-3-2010,9,original,reddit.com/r/AskReddit,2,
3_062521525924,24-06-2021,9,davinci,reddit.com/r/AskReddit,0,
080521231042,00-7-2011,12,original,reddit.com/r/politics,0,
3_062521956427,24-06-2021,12,davinci,reddit.com/r/politics,0,
080521231054,00-4-2011,13,original,reddit.com/r/IAmA,0,
3_062521314155,24-06-2021,13,davinci,reddit.com/r/IAmA,2,
080521231127,00-12-2012,16,original,reddit.com/r/MontrealEnts,0,
3_062521505862,24-06-2021,16,davinci,reddit.com/r/MontrealEnts,2,
080521231138,00-5-2012,17,original,reddit.com/r/funny,0,
3_062521144884,24-06-2021,17,davinci,reddit.com/r/funny,2,
080521231211,00-5-2013,20,original,reddit.com/r/AskReddit,0,
3_062521104748,24-06-2021,20,davinci,reddit.com/r/AskReddit,2,
080521231222,00-10-2013,21,original,reddit.com/r/funny,2,
3_062521797974,24-06-2021,21,davinci,reddit.com/r/funny,0,
080521231255,00-1-2014,24,original,reddit.com/r/CanadaPolitics,0,
3_062521827955,24-06-2021,24,davinci,reddit.com/r/CanadaPolitics,0,
080521231306,00-5-2014,25,original,reddit.com/r/trees,0,
3_062521509528,24-06-2021,25,davinci,reddit.com/r/trees,0,
080521231339,00-7-2015,28,original,reddit.com/r/changemyview,0,
3_062521283273,24-06-2021,28,davinci,reddit.com/r/changemyview,2,
080521231350,00-8-2015,29,original,reddit.com/r/changemyview,0,
3_062521485967,24-06-2021,29,davinci,reddit.com/r/changemyview,2,
080521231423,00-6-2016,32,original,reddit.com/r/changemyview,0,
3_062521423534,24-06-2021,32,davinci,reddit.com/r/changemyview,2,
080521231445,00-8-2016,34,original,reddit.com/r/unpopularopinion,"0,2",
3_062521388914,24-06-2021,34,davinci,reddit.com/r/unpopularopinion,2,
080521231507,00-1-2017,36,original,reddit.com/r/changemyview,0,
3_062521429369,24-06-2021,36,davinci,reddit.com/r/changemyview,2,
080521231518,00-9-2017,37,original,reddit.com/r/changemyview,2,
3_062521223503,24-06-2021,37,davinci,reddit.com/r/changemyview,2,
080521231551,00-8-2018,40,original,reddit.com/r/unpopularopinion,0,
3_062521935353,24-06-2021,40,davinci,reddit.com/r/unpopularopinion,0,
080521231602,00-7-2018,41,original,reddit.com/r/changemyview,0,
3_062521866929,24-06-2021,41,davinci,reddit.com/r/changemyview,0
080521231636,00-1-2019,44,original,reddit.com/r/unpopularopinion,0,
3_062521581048,24-06-2021,44,davinci,reddit.com/r/unpopularopinion,0,
080521231647,00-1-2019,45,original,reddit.com/r/changemyview,0,
3_062521308481,24-06-2021,45,davinci,reddit.com/r/changemyview,2,
COLLECTED,ON,2021-05-04,,,,
3_053121460289,31-05-2021,0,davinci,reddit.com/r/science,2,
3_053121497197,31-05-2021,1,davinci,reddit.com/r/science,0,
3_053121210998,31-05-2021,2,davinci,reddit.com/r/politics,0,
3_053121782245,31-05-2021,3,davinci,reddit.com/r/Marijuana,2,
3_053121321208,31-05-2021,4,davinci,reddit.com/r/cannabis,0,
3_053121972723,31-05-2021,5,davinci,reddit.com/r/reddit.com,0,
3_053121560504,31-05-2021,6,davinci,reddit.com/r/AskReddit,0,
3_053121374660,31-05-2021,7,davinci,reddit.com/r/trees,2,
3_053121649861,31-05-2021,8,davinci,reddit.com/r/timetolegalize,2,
3_053121346466,31-05-2021,9,davinci,reddit.com/r/politics,0,
3_053121615717,31-05-2021,10,davinci,reddit.com/r/changemyview,2,
3_053121150222,31-05-2021,11,davinci,reddit.com/r/changemyview,2,
3_053121788552,31-05-2021,12,davinci,reddit.com/r/changemyview,2,
3_053121482089,31-05-2021,13,davinci,reddit.com/r/changemyview,2,
3_053121548489,31-05-2021,14,davinci,reddit.com/r/unpopularopinion,2,
3_053121826444,31-05-2021,15,davinci,reddit.com/r/changemyview,0,
3_053121207266,31-05-2021,16,davinci,reddit.com/r/changemyview,0,
3_053121995581,31-05-2021,17,davinci,reddit.com/r/unpopularopinion,2,
3_053121417052,31-05-2021,18,davinci,reddit.com/r/changemyview,0,
3_053121838336,31-05-2021,19,davinci,reddit.com/r/unpopularopinion,2,
3_053121315550,31-05-2021,20,davinci,reddit.com/r/changemyview,2,
3_053121746065,31-05-2021,21,davinci,reddit.com/r/unpopularopinion,0,
3_053121756038,31-05-2021,22,davinci,reddit.com/r/changemyview,0,
3_053121509446,31-05-2021,23,davinci,reddit.com/r/unpopularopinion,0,
3_053121591707,31-05-2021,24,davinci,huffingtonpost.com,0,
3_053121463466,31-05-2021,25,davinci,huffingtonpost.com,0,
3_053121895167,31-05-2021,26,davinci,huffingtonpost.com,0,
3_053121948469,31-05-2021,27,davinci,washingtonpost.com,2,
3_053121757714,31-05-2021,28,davinci,washingtonpost.com,0,
3_053121897907,31-05-2021,29,davinci,washingtonpost.com,0,
3_053121668971,31-05-2021,30,davinci,washingtonpost.com,0,
3_053121111297,31-05-2021,31,davinci,washingtonpost.com,2,
3_053121167267,31-05-2021,32,davinci,washingtonpost.com,0,
3_053121946053,31-05-2021,33,davinci,washingtonpost.com,2,
3_053121322453,31-05-2021,34,davinci,washingtonpost.com,2,
3_053121513883,31-05-2021,35,davinci,washingtonpost.com,2,
3_053121414643,31-05-2021,36,davinci,foxnews.com,2,
3_053121670101,31-05-2021,37,davinci,foxnews.com,0,
3_053121937760,31-05-2021,38,davinci,foxnews.com,0,
3_053121948159,31-05-2021,39,davinci,breitbart.com,2,
3_053121950282,31-05-2021,40,davinci,foxnews.com,2,
3_053121693653,31-05-2021,41,davinci,breitbart.com,0,
3_053121180887,31-05-2021,42,davinci,foxnews.com,2,
3_053121391726,31-05-2021,43,davinci,foxnews.com,2,
3_053121664760,31-05-2021,44,davinci,foxnews.com,2,
3_053121889989,31-05-2021,45,davinci,foxnews.com,0,
3_053121518393,31-05-2021,46,davinci,foxnews.com,2,
3_053121384925,31-05-2021,47,davinci,breitbart.com,0,
COLLECTED,ON,2021-04-17,,,,
170321175344,11-03-2012,0,original,breitbart.com,0,
170321175345,11-03-2012,0,grover,breitbart.com,0,
170321175346,11-07-2012,1,original,breitbart.com,0,
170321175347,11-07-2012,1,grover,breitbart.com,0,
170321175350,11-30-2012,2,grover,breitbart.com,0,Pairs with 301120105805
170321175351,11-07-2012,3,original,breitbart.com,0,
170321175352,11-07-2012,3,grover,breitbart.com,0,
170321175353,11-27-2012,4,original,breitbart.com,0,
170321175354,11-27-2012,4,grover,breitbart.com,"0,2",
170321175355,12-06-2012,5,original,breitbart.com,0,
170321175356,12-06-2012,5,grover,breitbart.com,0,
170321175357,06-05-2012,6,original,breitbart.com,0,
170321175358,06-05-2012,6,grover,breitbart.com,0,
170321175359,10-19-2012,7,original,breitbart.com,0,
170321175400,10-19-2012,7,grover,breitbart.com,0,
170321175401,06-21-2012,8,original,breitbart.com,0,
170321175402,06-21-2012,8,grover,breitbart.com,0,
170321175403,12-11-2012,9,original,breitbart.com,0,
170321175404,12-11-2012,9,grover,breitbart.com,0,
170321175405,12-03-2018,10,original,breitbart.com,0,
170321175406,12-03-2018,10,grover,breitbart.com,0,
170321175407,03-09-2014,11,original,breitbart.com,2,
170321175408,03-09-2014,11,grover,breitbart.com,0,
COLLECTED,ON,2021-03-17,,,,
170321174859,06-08-2011,1,original,huffpost.com,2,
170321174900,06-08-2011,1,grover,huffpost.com,"0,2",
170321174901,09-05-2017,2,original,huffpost.com,0,
170321174902,09-05-2017,2,grover,huffpost.com,2,
170321174903,04-26-2017,3,original,huffpost.com,0,
170321174904,04-26-2017,3,grover,huffpost.com,2,
170321174905,09-03-2014,4,original,huffpost.com,0,
170321174906,09-03-2014,4,grover,huffpost.com,0,
170321174907,09-11-2017,5,original,huffpost.com,"0,2",
170321174908,09-11-2017,5,grover,huffpost.com,2,
170321174909,04-20-2012,6,original,huffpost.com,0,
170321174910,04-20-2012,6,grover,huffpost.com,2,
170321174911,04-20-2018,7,original,huffpost.com,2,
170321174912,04-20-2018,7,grover,huffpost.com,2,
170321174914,04-20-2018,8,grover,huffpost.com,0,Pairs with 50421174913
170321174915,04-02-2014,9,original,huffpost.com,0,
170321174916,04-02-2014,9,grover,huffpost.com,0,
170321174917,01-21-2017,10,original,huffpost.com,0,
170321174918,01-21-2017,10,grover,huffpost.com,0,
170321174919,11-11-2013,11,original,huffpost.com,2,
170321174920,11-11-2013,11,grover,huffpost.com,0,
COLLECTED,ON,2020-12-29,,,,
291220224327,00-11-2008,0,original,reddit.com/r/WTF,"0,2",
291220224328,00-11-2008,0,grover,reddit.com/r/WTF,2,
291220224329,00-6-2008,1,original,reddit.com/r/news,"0,2",
291220224330,00-6-2008,1,grover,reddit.com/r/news,0,
291220224331,00-12-2009,2,original,reddit.com/r/politics,0,
291220224332,00-12-2009,2,grover,reddit.com/r/politics,2,
291220224333,00-5-2009,3,original,reddit.com/r/reddit.com,2,
291220224334,00-5-2009,3,grover,reddit.com/r/reddit.com,0,
291220224335,00-9-2009,4,original,reddit.com/r/Marijuana,0,
291220224336,00-9-2009,4,grover,reddit.com/r/Marijuana,2,
291220224337,00-1-2010,5,original,reddit.com/r/politics,0,
291220224338,00-1-2010,5,grover,reddit.com/r/politics,2,
291220224339,00-5-2010,6,original,reddit.com/r/cannabis,2,
291220224340,00-5-2010,6,grover,reddit.com/r/cannabis,0,
291220224341,00-1-2011,7,original,reddit.com/r/AskReddit,2,
291220224342,00-1-2011,7,grover,reddit.com/r/AskReddit,0,
291220224343,00-11-2011,8,original,reddit.com/r/trees,2,
291220224344,00-11-2011,8,grover,reddit.com/r/trees,0,
291220224345,00-6-2012,9,original,reddit.com/r/politics,2,
291220224346,00-6-2012,9,grover,reddit.com/r/politics,0,
291220224347,00-12-2013,10,original,reddit.com/r/changemyview,0,
291220224348,00-12-2013,10,grover,reddit.com/r/changemyview,0,
291220224349,00-4-2013,11,original,reddit.com/r/changemyview,2,
291220224350,00-4-2013,11,grover,reddit.com/r/changemyview,0,
291220224351,00-8-2013,12,original,reddit.com/r/changemyview,0,
291220224352,00-8-2013,12,grover,reddit.com/r/changemyview,0,
291220224353,00-1-2014,13,original,reddit.com/r/changemyview,0,
291220224354,00-1-2014,13,grover,reddit.com/r/changemyview,2,
291220224355,00-3-2014,14,original,reddit.com/r/changemyview,0,
291220224356,00-3-2014,14,grover,reddit.com/r/changemyview,2,
291220224357,00-2-2008,15,original,reddit.com/r/reddit.com,2,
291220224358,00-2-2008,15,grover,reddit.com/r/reddit.com,2,
291220224359,00-12-2010,16,original,reddit.com/r/worldnews,2,
291220224400,00-12-2010,16,grover,reddit.com/r/worldnews,0,
291220224401,00-6-2011,17,original,reddit.com/r/Libertarian,2,
291220224402,00-6-2011,17,grover,reddit.com/r/Libertarian,0,
291220224403,00-12-2012,18,original,reddit.com/r/AskReddit,2,
291220224404,00-12-2012,18,grover,reddit.com/r/AskReddit,2,
291220224405,00-9-2012,19,original,reddit.com/r/timetolegalize,0,
291220224406,00-9-2012,19,grover,reddit.com/r/timetolegalize,0,
291220224407,00-10-2014,20,original,reddit.com/r/changemyview,2,
291220224408,00-10-2014,20,grover,reddit.com/r/changemyview,2,
COLLECTED,ON,2020-12-21,,,,
050121173507,08-05-2009,0,original,breitbart.com,2,
050121173508,08-05-2009,0,grover,breitbart.com,0,
050121173509,09-16-2010,1,original,breitbart.com,0,
050121173510,09-16-2010,1,grover,breitbart.com,0,
050121173511,06-24-2011,2,original,breitbart.com,"0,2",
050121173512,06-24-2011,2,grover,breitbart.com,0,
050121173513,12-11-2012,3,original,breitbart.com,2,
050121173514,12-11-2012,3,grover,breitbart.com,0,
050121173515,12-31-2013,4,original,breitbart.com,0,
050121173516,12-31-2013,4,grover,breitbart.com,0,
050121173517,03-09-2014,5,original,breitbart.com,0,Pair wasn't annotated
050121173519,10-21-2015,6,original,breitbart.com,0,
050121173520,10-21-2015,6,grover,breitbart.com,0,
050121173521,08-31-2016,7,original,breitbart.com,0,
050121173522,08-31-2016,7,grover,breitbart.com,0,
050121173523,06-14-2017,8,original,breitbart.com,0,
050121173524,06-14-2017,8,grover,breitbart.com,"0,2",
050121173526,12-03-2018,9,grover,breitbart.com,0,Pairs with 170321175405
050121173527,05-13-2019,10,original,breitbart.com,0,
050121173528,05-13-2019,10,grover,breitbart.com,0,
COLLECTED,ON,2020-12-20,,,,
050121173257,07-05-2008,0,original,huffingtonpost.com,2,
050121173258,07-05-2008,0,grover,huffingtonpost.com,2,
050121173259,09-17-2009,1,original,huffpost.com,0,
050121173300,09-17-2009,1,grover,huffpost.com,0,
050121173301,03-18-2010,2,original,huffingtonpost.com,0,
050121173302,03-18-2010,2,grover,huffingtonpost.com,2,
050121173303,06-08-2011,3,original,huffpost.com,0,
050121173304,06-08-2011,3,grover,huffpost.com,0,
050121173305,11-14-2012,4,original,huffpost.com,2,
050121173306,11-14-2012,4,grover,huffpost.com,0,
050121173307,10-25-2013,5,original,huffpost.com,2,
050121173308,10-25-2013,5,grover,huffpost.com,2,
050121173309,04-02-2014,6,original,huffpost.com,2,
050121173310,04-02-2014,6,grover,huffpost.com,"0,1,2",
050121173311,07-20-2015,7,original,huffpost.com,0,
050121173312,07-20-2015,7,grover,huffpost.com,0,
050121173314,05-26-2016,8,grover,huffpost.com,"0,2",Pairs with 050421174857
050121173315,01-21-2017,9,original,huffpost.com,2,
050121173316,01-21-2017,9,grover,huffpost.com,0,
050121173317,04-20-2018,10,original,huffpost.com,0,
050121173318,04-20-2018,10,grover,huffpost.com,0,
050121173319,02-11-2019,11,original,huffpost.com,2,
050121173320,02-11-2019,11,grover,huffpost.com,0,
COLLECTED,ON,2020-12-19,,,,
050121173059,06-12-2008,0,original,foxnews.com,0,
050121173100,06-12-2008,0,grover,foxnews.com,2,
050121173101,03-19-2014,1,original,foxnews.com,"0,1,2",
050121173102,03-19-2014,1,grover,foxnews.com,0,
050121173103,03-16-2016,2,original,foxnews.com,2,
050121173104,03-16-2016,2,grover,foxnews.com,2,
050121173105,03-30-2016,3,original,foxnews.com,2,
050121173106,03-30-2016,3,grover,foxnews.com,2,
050121173107,05-04-2015,4,original,foxnews.com,2,
050121173108,05-04-2015,4,grover,foxnews.com,"0,1,2",
050121173109,06-23-2017,5,original,foxnews.com,0,
050121173111,06-23-2017,5,grover,foxnews.com,2,
050121173112,10-22-2017,6,original,foxnews.com,0,
050121173113,10-22-2017,6,grover,foxnews.com,0,
050121173114,02-13-2018,7,original,foxnews.com,2,
050121173115,02-13-2018,7,grover,foxnews.com,0,
050121173116,01-02-2018,8,original,foxnews.com,2,
050121173117,01-02-2018,8,grover,foxnews.com,0,
050121173118,01-30-2019,9,original,foxnews.com,2,
050121173119,01-30-2019,9,grover,foxnews.com,0,
050121173120,01-22-2019,10,original,foxnews.com,0,
050121173121,01-22-2019,10,grover,foxnews.com,0,
COLLECTED,ON,2020-12-18,,,,
050121172341,06-22-1991,0,original,washingtonpost.com,0,
050121172342,06-22-1991,0,grover,washingtonpost.com,2,
050121172343,05-23-2003,1,original,washingtonpost.com,2,
050121172344,05-23-2003,1,grover,washingtonpost.com,0,
050121172345,06-30-2011,2,original,washingtonpost.com,2,
050121172346,06-30-2011,2,grover,washingtonpost.com,2,
050121172347,06-11-2013,3,original,washingtonpost.com,0,
050121172348,06-11-2013,3,grover,washingtonpost.com,"0,2",
050121172349,01-05-2013,4,original,washingtonpost.com,0,
050121172350,01-05-2013,4,grover,washingtonpost.com,0,
050121172351,02-18-2015,5,original,washingtonpost.com,2,
050121172352,02-18-2015,5,grover,washingtonpost.com,0,
050121172353,06-19-2016,6,original,washingtonpost.com,0,
050121172354,06-19-2016,6,grover,washingtonpost.com,0,
050121172355,11-09-2016,7,original,washingtonpost.com,"0,1,2",
050121172356,11-09-2016,7,grover,washingtonpost.com,2,
050121172357,11-15-2019,8,original,washingtonpost.com,0,
050121172358,11-15-2019,8,grover,washingtonpost.com,2,
050121172359,12-27-2019,9,original,washingtonpost.com,2,
050121172400,12-27-2019,9,grover,washingtonpost.com,2,
COLLECTED,ON,2020-11-21,,,,
241120231445,02-08-2013,0,original,foxnews.com,0,
241120231446,02-08-2013,0,grover,foxnews.com,2,
241120231447,02-09-2013,1,original,foxnews.com,2,
241120231448,02-09-2013,1,grover,foxnews.com,0,
241120231449,05-24-2013,2,original,foxnews.com,"0,2",
241120231450,05-24-2013,2,grover,foxnews.com,0,
241120231451,11-29-2010,3,original,foxnews.com,0,
241120231452,11-29-2010,3,grover,foxnews.com,0,
241120231453,03-14-2011,4,original,foxnews.com,2,
241120231454,03-14-2011,4,grover,foxnews.com,0,
241120231455,11-09-2010,5,original,foxnews.com,2,
241120231456,11-09-2010,5,grover,foxnews.com,0,
241120231457,06-07-2011,6,original,foxnews.com,2,
241120231458,06-07-2011,6,grover,foxnews.com,2,
241120231459,06-04-2010,7,original,foxnews.com,2,
241120231500,06-04-2010,7,grover,foxnews.com,2,
241120231501,11-28-2011,8,original,foxnews.com,0,
241120231502,11-28-2011,8,grover,foxnews.com,2,
241120231503,09-21-2011,9,original,foxnews.com,0,
241120231504,09-21-2011,9,grover,foxnews.com,2,
241120231505,01-01-2018,10,original,foxnews.com,"0,2",
241120231506,01-01-2018,10,grover,foxnews.com,0,
241120231507,11-11-2013,11,original,foxnews.com,0,
241120231508,11-11-2013,11,grover,foxnews.com,2,
COLLECTED,ON,2020-11-16,,,,
241120225337,04-09-2009,0,original,foxnews.com,0,
241120225338,04-09-2009,0,grover,foxnews.com,2,
241120225339,03-29-2011,1,original,foxnews.com,0,
241120225340,03-29-2011,1,grover,foxnews.com,2,
241120225341,01-26-2012,2,original,foxnews.com,0,
241120225342,01-26-2012,2,grover,foxnews.com,2,
241120225343,07-23-2010,3,original,foxnews.com,2,
241120225344,07-23-2010,3,grover,foxnews.com,2,
241120225345,08-19-2010,4,original,foxnews.com,2,
241120225346,08-19-2010,4,grover,foxnews.com,0,
241120225347,11-23-2010,5,original,foxnews.com,0,
241120225348,11-23-2010,5,grover,foxnews.com,2,
241120225349,11-02-2012,6,original,foxnews.com,2,
241120225350,11-02-2012,6,grover,foxnews.com,0,
241120225351,01-23-2017,7,original,foxnews.com,2,
241120225352,01-23-2017,7,grover,foxnews.com,"0,2",
241120225353,01-14-2015,8,original,foxnews.com,2,
241120225354,01-14-2015,8,grover,foxnews.com,0,
241120225355,05-10-2016,9,original,foxnews.com,0,
241120225356,05-10-2016,9,grover,foxnews.com,0,
241120225357,08-26-2014,10,original,foxnews.com,2,
241120225358,08-26-2014,10,grover,foxnews.com,"0,2",
241120225359,01-03-2013,11,original,foxnews.com,0,
241120225400,01-03-2013,11,grover,foxnews.com,0,
COLLECTED,ON,2020-11-09,,,,
091120113020,08-29-2012,0,original,washingtonpost.com,0,
091120113021,08-29-2012,0,grover,washingtonpost.com,"1,2",
091120113022,03-19-2012,1,original,washingtonpost.com,0,
091120113023,03-19-2012,1,grover,washingtonpost.com,0,
091120113025,04-29-2014,2,grover,washingtonpost.com,1,Original wasn't annotated
091120113026,06-12-2012,3,original,washingtonpost.com,2,
091120113027,06-12-2012,3,grover,washingtonpost.com,0,
091120113028,02-15-1981,4,original,washingtonpost.com,1,
091120113029,02-15-1981,4,grover,washingtonpost.com,2,
091120113030,12-1-2017,5,original,washingtonpost.com,0,
091120113031,12-1-2017,5,grover,washingtonpost.com,1,
091120113032,06-27-2018,6,original,washingtonpost.com,2,
091120113033,06-27-2018,6,grover,washingtonpost.com,2,
091120113034,02-23-1977,7,original,washingtonpost.com,2,
091120113035,02-23-1977,7,grover,washingtonpost.com,"0,1",
091120113036,04-13-1977,8,original,washingtonpost.com,1,
091120113037,04-13-1977,8,grover,washingtonpost.com,1,
091120113038,12-18-1982,9,original,washingtonpost.com,0,
091120113039,12-18-1982,9,grover,washingtonpost.com,2,
091120113040,12-1-2017,10,original,washingtonpost.com,0,
091120113041,12-1-2017,10,grover,washingtonpost.com,1,
091120113042,11-15-1981,11,original,washingtonpost.com,0,
091120113043,11-15-1981,11,grover,washingtonpost.com,2,
COLLECTED,ON,2020-10-29,,,,
291020230442,10-19-2011,0,original,washingtonpost.com,1,
291020230443,10-19-2011,0,grover,washingtonpost.com,2,
291020230444,03-11-2014,1,original,washingtonpost.com,0,
291020230445,03-11-2014,1,grover,washingtonpost.com,1,
291020230447,07-08-2014,2,grover,washingtonpost.com,1,Original wasn't annotated
291020230448,07-11-2014,3,original,washingtonpost.com,"0,1",
291020230449,07-11-2014,3,grover,washingtonpost.com,0,
291020230450,05-24-2017,4,original,washingtonpost.com,1,
291020230451,05-24-2017,4,grover,washingtonpost.com,"0,2",
291020230452,07-25-2017,5,original,washingtonpost.com,1,
291020230453,07-25-2017,5,grover,washingtonpost.com,2,
291020230455,01-10-2018,6,grover,washingtonpost.com,1,Original wasn't annotated
291020230457,11-17-2018,7,grover,washingtonpost.com,2,Original wasn't annotated
291020230458,04-18-2017,8,original,washingtonpost.com,0,
291020230459,04-18-2017,8,grover,washingtonpost.com,2,
291020230500,08-01-2017,9,original,washingtonpost.com,2,
291020230501,08-01-2017,9,grover,washingtonpost.com,0,
291020230502,01-03-2018,10,original,washingtonpost.com,0,
291020230503,01-03-2018,10,grover,washingtonpost.com,1,
291020230504,01-05-1981,11,original,washingtonpost.com,0,
291020230505,01-05-1981,11,grover,washingtonpost.com,1,
COLLECTED,ON,2020-10-05,,,,
051020131142,00-2-2015,22218,original,reddit.com/r,1,
051020131143,00-2-2015,22218,grover,reddit.com/r,1,
051020131144,00-7-2015,17072,original,reddit.com/r,2,
051020131145,00-7-2015,17072,grover,reddit.com/r,0,
051020131146,00-6-2016,23358,original,reddit.com/r,0,
051020131147,00-6-2016,23358,grover,reddit.com/r,0,
051020131148,00-11-2016,5120,original,reddit.com/r,1,
051020131149,00-11-2016,5120,grover,reddit.com/r,2,
051020131150,00-10-2017,18536,original,reddit.com/r,0,
051020131151,00-10-2017,18536,grover,reddit.com/r,1,
051020131152,00-11-2017,29614,original,reddit.com/r,2,
051020131153,00-11-2017,29614,grover,reddit.com/r,1,
051020131154,00-1-2018,3174,original,reddit.com/r,0,
051020131156,00-1-2018,3174,grover,reddit.com/r,1,
051020131157,00-7-2018,7189,original,reddit.com/r,0,
051020131158,00-7-2018,7189,grover,reddit.com/r,2,
051020131200,00-2-2019,38532,grover,reddit.com/r,0,Original wasn't annotated
051020131202,00-6-2019,9491,grover,reddit.com/r,"1,2",Original wasn't annotated
051020131203,00-1-2019,32523,original,reddit.com/r,"0,1",
051020131204,00-1-2019,32523,grover,reddit.com/r,"0,2",
051020131205,00-9-2019,23226,original,reddit.com/r,2,
051020131206,00-9-2019,23226,grover,reddit.com/r,"1,2",
COLLECTED,ON,2021-04-05,,,,
050421174857,05-26-2016,0,original,huffpost.com,"0,2",
050421174858,05-26-2016,0,grover,huffpost.com,2,
050421174913,4/4/2018,1,original,huffpost.com,2,
050421174914,4/4/2018,1,grover,huffpost.com,0,
050421174917,8/10/2016,2,original,huffpost.com,0,
050421174918,8/10/2016,2,grover,huffpost.com,0,
050421175407,2/24/2014,3,original,breitbart.com,"0,2",Pair wasn't annotated
COLLECTED,ON,2020-09-03,,,,
290721949920,00-9-2015,2945,original,reddit.com/r,0,
030920174438,00-9-2015,2945,grover,reddit.com/r,1,
290721949923,00-7-2015,17142,original,reddit.com/r,"0,2",
030920174439,00-7-2015,17142,grover,reddit.com/r,2,
290721949926,00-3-2016,11776,original,reddit.com/r,"0,1",
030920174440,00-3-2016,11776,grover,reddit.com/r,1,
290721949922,00-6-2016,7321,original,reddit.com/r,0,
030920174441,00-6-2016,7321,grover,reddit.com/r,"0,1",
290721949924,00-10-2017,20741,original,reddit.com/r,0,
030920174443,00-10-2017,20741,grover,reddit.com/r,2,
290721949921,00-10-2018,6104,original,reddit.com/r,0,
030920174444,00-10-2018,6104,grover,reddit.com/r,0,
290721949928,00-12-2018,29666,original,reddit.com/r,2,
030920174445,00-12-2018,29666,grover,reddit.com/r,2,
290721949929,00-8-2019,22886,original,reddit.com/r,1,
030920174446,00-8-2019,22886,grover,reddit.com/r,"1,2",
290721949927,00-12-2019,24432,original,reddit.com/r,2,
030920174447,00-12-2019,24432,grover,reddit.com/r,0,
290721949925,00-11-2019,6518,original,reddit.com/r,2,
030920174448,00-11-2019,6518,grover,reddit.com/r,"0,2",
290721949930,00-3-2019,41729,original,reddit.com/r,1,
030920174449,00-3-2019,41729,grover,reddit.com/r,0,
